Workbook

Sheet 읽는법
B2: LAYER 향수 유형 진단 로직 — 사용 설명서
B4: ① 구조
B5: 이 워크북은 두 개의 축으로 6가지 향수 유형을 결정합니다.
B6: • 축 A (존재감) : 은은함 ↔ 확실함 — Q2·Q3·Q4 응답으로 계산
B7: • 축 B (태도) : 한결같음 ↔ 탐험적 — Q1·Q2·Q3·Q4·Q5 응답으로 계산 (Q5 가중치 최대)
B9: ② 시트 구성
B10: • 유형정의 : 6개 최종 유형의 이름, 서브타이틀, 설명, 해시태그
B11: • 질문별점수표 : Q1~Q5 전체 선택지와 각 선택지가 축 A/B에 주는 점수
B12: • 결과계산기 : 실제 유저가 고른 선택지를 입력하면 자동으로 유형이 산출되는 시트 (개발/기획 검증용)
B14: ③ 결과계산기 사용법
B15: • 노란 셀(파란 글씨)이 입력 칸입니다.
B16: • Q1, Q4, Q5는 드롭다운에서 선택지 하나를 고릅니다 (단일 선택).
... B22: • 축 A, B 최종 판정 구간은 '결과계산기' 하단의 기준표를 참고하세요.

Sheet 유형정의
B2: LAYER 향수 유형 6가지
B3: 축 A(존재감: 은은함↔확실함) × 축 B(태도: 한결같음↔탐험적) 매트릭스 기반
B5: No | C5: 축A 판정 | D5: 축B 판정 | E5: 유형명(영문) | F5: 유형명(국문 서브) | G5: 한줄 설명 | H5: 대표 해시태그1 | I5: 대표 해시태그2/3 | J5: 매칭키
B6: 1 | C6: 은은함 | D6: 한결같음 | E6: Quiet Signature | F6: 조용한 시그니처형 | G6: 한 가지 향을 은은하게, 나만 아는 방식으로 오래 지키는 타입 | H6: #은은한 | I6: #한결같은 / #데일리 | J6: =C6&"|"&D6 -> 은은함|한결같음
B7: 2 | C7: 균형 | D7: 한결같음 | E7: Daily Basic | F7: 데일리 베이직형 | G7: 부담 없이 매일 쓸 수 있는 무난한 향을 꾸준히 선택하는 타입 | H7: #무난한 | I7: #데일리 / #꾸준함 | J7: =C7&"|"&D7 -> 균형|한결같음
B8: 3 | C8: 확실함 | D8: 한결같음 | E8: Bold Signature | F8: 강렬한 시그니처형 | G8: 존재감 있는 향 하나를 자신 있게 밀고 가는 타입 | H8: #존재감 | I8: #자신감 / #시그니처 | J8: =C8&"|"&D8 -> 확실함|한결같음
B9: 4 | C9: 은은함 | D9: 탐험적 | E9: Soft Explorer | F9: 부드러운 탐험가형 | G9: 은은한 향들을 여러 개 시도하며 취향을 넓혀가는 타입 | H9: #은은한 | I9: #다양함 / #호기심 | J9: =C9&"|"&D9 -> 은은함|탐험적
B10: 5 | C10: 균형 | D10: 탐험적 | E10: Mood Shifter | F10: 무드 셰프터형 | G10: 그날 기분에 따라 여러 무드의 향을 자유롭게 바꿔 쓰는 타입 | H10: #기분전환 | I10: #다양함 / #자유로운 | J10: =C10&"|"&D10 -> 균형|탐험적
B11: 6 | C11: 확실함 | D11: 탐험적 | E11: Layer Maximalist | F11: 레이어 맥시멀리스트형 | G11: 여러 향을 적극적으로 겹쳐서 나만의 조합을 실험하는 타입 | H11: #레이어링 | I11: #존재감 / #실험적 | J11: =C11&"|"&D11 -> 확실함|탐험적

Sheet 질문별점수표
B2: 질문별 선택지 → 축 A / 축 B 점수표
B3: 축A: 확실함(+) / 은은함(−) · 축B: 탐험적(+) / 한결같음(−)
B5: 구분 | C5: 질문 | D5: 선택지 | E5: 축A 점수 | F5: 축B 점수 | G5: 비고 | J5: LOOKUP KEY | K5: 축A | L5: 축B
B6: Q1 | C6: 당신의 향수 컬렉션은 몇 병인가요? (단일선택) | D6: 아직 없어요 | E6: 0 | F6: -2 | G6: 적을수록 한결같음 성향으로 가중 | J6: Q1|아직 없어요 | K6: 0 | L6: -2
B7: Q1 | D7: 1~2개 | E7: 0 | F7: -1 | J7: Q1|1~2개 | K7: 0 | L7: -1
B8: Q1 | D8: 3~5개 | E8: 0 | F8: 0 | J8: Q1|3~5개 | K8: 0 | L8: 0
B9: Q1 | D9: 6~10개 | E9: 0 | F9: 1 | J9: Q1|6~10개 | K9: 0 | L9: 1
B10: Q1 | D10: 10개 이상 | E10: 0 | F10: 2 | G10: 많을수록 탐험적 성향으로 가중 | J10: Q1|10개 이상 | K10: 0 | L10: 2
B11: Q2 | C11: 주로 언제 향수를 뿌리나요? (복수선택, 선택마다 합산) | D11: 출근/학교 | E11: 0 | F11: 0 | J11: Q2|출근/학교 | K11: 0 | L11: 0
B12: Q2 | D12: 데이트 | E12: 1 | F12: 0 | J12: Q2|데이트 | K12: 1 | L12: 0
B13: Q2 | D13: 친구 | E13: 0 | F13: 0 | J13: Q2|친구 | K13: 0 | L13: 0
B14: Q2 | D14: 특별한 날 | E14: 2 | F14: 0 | G14: 존재감 있는 향 선호 신호 | J14: Q2|특별한 날 | K14: 2 | L14: 0
B15: Q2 | D15: 여행 | E15: 0 | F15: 1 | J15: Q2|여행 | K15: 0 | L15: 1
B16: Q2 | D16: 잠들기 전 | E16: -1 | F16: 0 | G16: 은은한 향 선호 신호 | J16: Q2|잠들기 전 | K16: -1 | L16: 0
B17: Q2 | D17: 기분 전환 | E17: 0 | F17: 1 | G17: 탐험적 성향 신호 | J17: Q2|기분 전환 | K17: 0 | L17: 1
B18: Q2 | D18: 운동 후 | E18: -1 | F18: 0 | J18: Q2|운동 후 | K18: -1 | L18: 0
B19: Q2 | D19: 실내에서 | E19: -1 | F19: -1 | J19: Q2|실내에서 | K19: -1 | L19: -1
B20: Q3 | C20: 어떤 향에 끌리나요? (복수선택, 선택마다 합산) | D20: 플로럴 | E20: 0 | F20: 0 | J20: Q3|플로럴 | K20: 0 | L20: 0
B21: Q3 | D21: 우디 | E21: 1 | F21: 0 | J21: Q3|우디 | K21: 1 | L21: 0
B22: Q3 | D22: 머스크 | E22: -1 | F22: 0 | J22: Q3|머스크 | K22: -1 | L22: 0
B23: Q3 | D23: 시트러스 | E23: 0 | F23: 0 | J23: Q3|시트러스 | K23: 0 | L23: 0
B24: Q3 | D24: 아쿠아틱 | E24: -1 | F24: 0 | J24: Q3|아쿠아틱 | K24: -1 | L24: 0
B25: Q3 | D25: 오리엔탈 | E25: 2 | F25: 0 | G25: 확실함 축 가장 강한 계열 | J25: Q3|오리엔탈 | K25: 2 | L25: 0
B26: Q3 | D26: 파우더리 | E26: -1 | F26: 0 | J26: Q3|파우더리 | K26: -1 | L26: 0
B27: Q3 | D27: 스파이시 | E27: 1 | F27: 1 | J27: Q3|스파이시 | K27: 1 | L27: 1
B28: Q3 | D28: 그린 | E28: -1 | F28: 0 | J28: Q3|그린 | K28: -1 | L28: 0
B29: Q4 | C29: 당신을 표현하는 무드는? (단일선택) | D29: 미니멀·모던 | E29: -1 | F29: -1 | J29: Q4|미니멀·모던 | K29: -1 | L29: -1
B30: Q4 | D30: 캐주얼·데일리 | E30: -1 | F30: 0 | J30: Q4|캐주얼·데일리 | K30: -1 | L30: 0
B31: Q4 | D31: 스트릿·시크 | E31: 2 | F31: 1 | J31: Q4|스트릿·시크 | K31: 2 | L31: 1
B32: Q4 | D32: 페미닌·로맨틱 | E32: 0 | F32: 1 | J32: Q4|페미닌·로맨틱 | K32: 0 | L32: 1
B33: Q5 | C33: 향을 대하는 당신의 방식은? (단일선택, 최고 가중치) | D33: 시그니처 | E33: 0 | F33: -3 | G33: 태도(축B) 결정에 가장 큰 영향 | J33: Q5|시그니처 | K33: 0 | L33: -3
B34: Q5 | D34: 레이어링 | E34: 0 | F34: 3 | G34: 태도(축B) 결정에 가장 큰 영향 | J34: Q5|레이어링 | K34: 0 | L34: 3

Sheet 결과계산기
B2: 유형 결과 계산기 (선택지를 입력하면 자동 산출)
B3: 노란 셀만 입력하세요. 나머지는 자동 계산됩니다.
B5: Q1. 향수 보유 개수 (단일선택 — 드롭다운) | D5: 아직 없어요
B7: Q2. 뿌리는 상황 (복수선택 — 선택 항목에 1, 아니면 0)
C8: 출근/학교 | D8: 0
C9: 데이트 | D9: 0
C10: 친구 | D10: 0
C11: 특별한 날 | D11: 0
C12: 여행 | D12: 0
C13: 잠들기 전 | D13: 0
C14: 기분 전환 | D14: 0
C15: 운동 후 | D15: 0
C16: 실내에서 | D16: 0
B18: Q3. 좋아하는 향 계열 (복수선택 — 선택 항목에 1, 아니면 0)
C19: 플로럴 | D19: 0
C20: 우디 | D20: 0
C21: 머스크 | D21: 0
C22: 시트러스 | D22: 0
C23: 아쿠아틱 | D23: 0
C24: 오리엔탈 | D24: 0
C25: 파우더리 | D25: 0
C26: 스파이시 | D26: 0
C27: 그린 | D27: 0
B29: Q4. 분위기·스타일 (단일선택 — 드롭다운) | D29: 미니멀·모던
B31: Q5. 향을 대하는 방식 (단일선택 — 드롭다운) | D31: 시그니처
B34: 자동 계산 결과
B35: Q1 축A/축B | D35: =INDEX(질문별점수표!$K$6:$K$34,MATCH("Q1|"&$D$5,질문별점수표!$J$6:$J$34,0)) -> 0 | E35: =INDEX(질문별점수표!$L$6:$L$34,MATCH("Q1|"&$D$5,질문별점수표!$J$6:$J$34,0)) -> -2
B36: Q2 축A/축B (합산) | D36: =$D$8*INDEX(질문별점수표!$K$6:$K$34,MATCH("Q2|출근/학교",질문별점수표!$J$6:$J$34,0))+$D$9*INDEX(질문별점수표!$K$6:$K$34,MATCH("Q2|데이트",질문별점수표!$J$6:$J$34,0))+$D$10*INDEX(질문별점수표!$K$6:$K$34,MATCH("Q2|친구",질문별점수표!$J$6:$J$34,0))+$D$11*INDEX(질문별점수표!$K$6:$K$34,MATCH("Q2|특별한 날",질문별점수표!$J$6:$J$34,0))+$D$12*INDEX(질문별점수표!$K$6:$K$34,MATCH("Q2|여행",질문별점수표!$J$6:$J$34,0))+$D$13*INDEX(질문별점수표!$K$6:$K$34,MATCH("Q2|잠들기 전",질문별점수표!$J$6:$J$34,0))+$D$14*INDEX(질문별점수표!$K$6:$K$34,MATCH("Q2|기분 전환",질문별점수표!$J$6:$J$34,0))+$D$15*INDEX(질문별점수표!$K$6:$K$34,MATCH("Q2|운동 후",질문별점수표!$J$6:$J$34,0))+$D$16*INDEX(질문별점수표!$K$6:$K$34,MATCH("Q2|실내에서",질문별점수표!$J$6:$J$34,0)) -> 0 | E36: =$D$8*INDEX(질문별점수표!$L$6:$L$34,MATCH("Q2|출근/학교",질문별점수표!$J$6:$J$34,0))+$D$9*INDEX(질문별점수표!$L$6:$L$34,MATCH("Q2|데이트",질문별점수표!$J$6:$J$34,0))+$D$10*INDEX(질문별점수표!$L$6:$L$34,MATCH("Q2|친구",질문별점수표!$J$6:$J$34,0))+$D$11*INDEX(질문별점수표!$L$6:$L$34,MATCH("Q2|특별한 날",질문별점수표!$J$6:$J$34,0))+$D$12*INDEX(질문별점수표!$L$6:$L$34,MATCH("Q2|여행",질문별점수표!$J$6:$J$34,0))+$D$13*INDEX(질문별점수표!$L$6:$L$34,MATCH("Q2|잠들기 전",질문별점수표!$J$6:$J$34,0))+$D$14*INDEX(질문별점수표!$L$6:$L$34,MATCH("Q2|기분 전환",질문별점수표!$J$6:$J$34,0))+$D$15*INDEX(질문별점수표!$L$6:$L$34,MATCH("Q2|운동 후",질문별점수표!$J$6:$J$34,0))+$D$16*INDEX(질문별점수표!$L$6:$L$34,MATCH("Q2|실내에서",질문별점수표!$J$6:$J$34,0)) -> 0
B37: Q3 축A/축B (합산) | D37: =$D$19*INDEX(질문별점수표!$K$6:$K$34,MATCH("Q3|플로럴",질문별점수표!$J$6:$J$34,0))+$D$20*INDEX(질문별점수표!$K$6:$K$34,MATCH("Q3|우디",질문별점수표!$J$6:$J$34,0))+$D$21*INDEX(질문별점수표!$K$6:$K$34,MATCH("Q3|머스크",질문별점수표!$J$6:$J$34,0))+$D$22*INDEX(질문별점수표!$K$6:$K$34,MATCH("Q3|시트러스",질문별점수표!$J$6:$J$34,0))+$D$23*INDEX(질문별점수표!$K$6:$K$34,MATCH("Q3|아쿠아틱",질문별점수표!$J$6:$J$34,0))+$D$24*INDEX(질문별점수표!$K$6:$K$34,MATCH("Q3|오리엔탈",질문별점수표!$J$6:$J$34,0))+$D$25*INDEX(질문별점수표!$K$6:$K$34,MATCH("Q3|파우더리",질문별점수표!$J$6:$J$34,0))+$D$26*INDEX(질문별점수표!$K$6:$K$34,MATCH("Q3|스파이시",질문별점수표!$J$6:$J$34,0))+$D$27*INDEX(질문별점수표!$K$6:$K$34,MATCH("Q3|그린",질문별점수표!$J$6:$J$34,0)) -> 0 | E37: =$D$19*INDEX(질문별점수표!$L$6:$L$34,MATCH("Q3|플로럴",질문별점수표!$J$6:$J$34,0))+$D$20*INDEX(질문별점수표!$L$6:$L$34,MATCH("Q3|우디",질문별점수표!$J$6:$J$34,0))+$D$21*INDEX(질문별점수표!$L$6:$L$34,MATCH("Q3|머스크",질문별점수표!$J$6:$J$34,0))+$D$22*INDEX(질문별점수표!$L$6:$L$34,MATCH("Q3|시트러스",질문별점수표!$J$6:$J$34,0))+$D$23*INDEX(질문별점수표!$L$6:$L$34,MATCH("Q3|아쿠아틱",질문별점수표!$J$6:$J$34,0))+$D$24*INDEX(질문별점수표!$L$6:$L$34,MATCH("Q3|오리엔탈",질문별점수표!$J$6:$J$34,0))+$D$25*INDEX(질문별점수표!$L$6:$L$34,MATCH("Q3|파우더리",질문별점수표!$J$6:$J$34,0))+$D$26*INDEX(질문별점수표!$L$6:$L$34,MATCH("Q3|스파이시",질문별점수표!$J$6:$J$34,0))+$D$27*INDEX(질문별점수표!$L$6:$L$34,MATCH("Q3|그린",질문별점수표!$J$6:$J$34,0)) -> 0
B38: Q4 축A/축B | D38: =INDEX(질문별점수표!$K$6:$K$34,MATCH("Q4|"&$D$29,질문별점수표!$J$6:$J$34,0)) -> -1 | E38: =INDEX(질문별점수표!$L$6:$L$34,MATCH("Q4|"&$D$29,질문별점수표!$J$6:$J$34,0)) -> -1
B39: Q5 축A/축B | D39: =INDEX(질문별점수표!$K$6:$K$34,MATCH("Q5|"&$D$31,질문별점수표!$J$6:$J$34,0)) -> 0 | E39: =INDEX(질문별점수표!$L$6:$L$34,MATCH("Q5|"&$D$31,질문별점수표!$J$6:$J$34,0)) -> -3
B41: 합계 (축A / 축B) | D41: =SUM(D35:D39) -> -1 | E41: =SUM(E35:E39) -> -6
B43: 축A 판정 (은은함 / 균형 / 확실함) | D43: =IF(D41<=-2,"은은함",IF(D41>=2,"확실함","균형")) -> 균형
B44: 축B 판정 (한결같음 / 탐험적) | D44: =IF(E41>=0,"탐험적","한결같음") -> 한결같음
B47: 매칭키 (내부계산용) | D47: =D43&"|"&D44 -> 균형|한결같음
B49: 최종 유형 (영문) | D49: =INDEX(유형정의!$E$6:$E$11,MATCH(D47,유형정의!$J$6:$J$11,0)) -> Daily Basic
B50: 최종 유형 (국문 서브) | D50: =INDEX(유형정의!$F$6:$F$11,MATCH(D47,유형정의!$J$6:$J$11,0)) -> 데일리 베이직형
B51: 유형 설명 | D51: =INDEX(유형정의!$G$6:$G$11,MATCH(D47,유형정의!$J$6:$J$11,0)) -> 부담 없이 매일 쓸 수 있는 무난한 향을 꾸준히 선택하는 타입
